square_id,model,datetime,actual,predicted,absolute_error,percentage_error
5161,CNN,2013-12-22 15:20:00,5496.4404,4641.442,854.99854,15.555495
5161,CNN,2013-12-22 14:30:00,4911.654,4158.7437,752.91016,15.329056
5161,CNN,2013-12-17 15:00:00,3876.9597,3125.0144,751.9453,19.395233
5161,LSTM,2013-12-17 15:00:00,3876.9597,3154.7441,722.2156,18.6284
5161,CNN,2013-12-21 14:50:00,5115.5303,4397.3916,718.1387,14.038402
5161,CNN,2013-12-22 15:10:00,5202.037,4487.593,714.44434,13.733933
5161,CNN,2013-12-18 12:20:00,3527.2244,2884.3232,642.9011,18.226828
5161,MLP,2013-12-22 20:10:00,573.801,1216.6494,642.8484,112.03333
5161,CNN,2013-12-17 14:30:00,3517.678,2875.4612,642.2168,18.256838
5161,CNN,2013-12-22 14:00:00,4441.4775,3805.9321,635.5454,14.309324
5161,LSTM,2013-12-17 14:30:00,3517.678,2891.5327,626.14526,17.79996
5161,LSTM,2013-12-22 15:20:00,5496.4404,4874.2607,622.1797,11.319684
5059,CNN,2013-12-20 22:40:00,1177.4384,556.40234,621.036,52.744675
5161,CNN,2013-12-18 12:30:00,3725.421,3106.3171,619.10376,16.618357
5161,CNN,2013-12-22 14:20:00,4638.5596,4021.8367,616.7229,13.295568
5161,MLP,2013-12-17 15:00:00,3876.9597,3267.1038,609.85596,15.730264
5059,MLP,2013-12-20 22:40:00,1177.4384,578.7829,598.65546,50.843887
5161,MLP,2013-12-17 14:30:00,3517.678,2932.1091,585.56885,16.64646
5161,LSTM,2013-12-22 14:30:00,4911.654,4335.255,576.3989,11.7353325
5059,LSTM,2013-12-20 22:40:00,1177.4384,605.6286,571.80975,48.56388
5161,LSTM,2013-12-18 12:20:00,3527.2244,2955.9072,571.31714,16.197357
5161,LSTM,2013-12-18 12:30:00,3725.421,3166.7349,558.68604,14.996588
5161,MLP,2013-12-22 15:20:00,5496.4404,4960.5786,535.8618,9.749251
5161,LSTM,2013-12-17 14:40:00,3524.895,2997.3887,527.50635,14.965164
5161,MLP,2013-12-22 20:20:00,561.53125,1085.0846,523.55334,93.236725
5161,MLP,2013-12-22 20:00:00,756.34454,1274.15,517.8055,68.461586
5161,MLP,2013-12-22 14:30:00,4911.654,4397.938,513.7158,10.459122
5161,MLP,2013-12-22 19:40:00,878.2758,1379.0063,500.73053,57.012905
5161,LSTM,2013-12-22 09:30:00,1506.1578,1009.9444,496.21344,32.94565
5161,MLP,2013-12-21 14:50:00,5115.5303,4622.257,493.27344,9.642665
5161,MLP,2013-12-18 12:20:00,3527.2244,3034.9644,492.26,13.956017
5161,LSTM,2013-12-17 13:20:00,3208.6392,3688.4155,479.77637,14.952643
5161,LSTM,2013-12-22 14:00:00,4441.4775,3967.6184,473.85913,10.668953
5059,CNN,2013-12-17 15:10:00,3124.105,2654.0554,470.04956,15.045895
5059,LSTM,2013-12-17 15:10:00,3124.105,2669.1226,454.98242,14.563608
5259,CNN,2013-12-19 17:10:00,2245.4712,2690.6885,445.2173,19.827343
5059,MLP,2013-12-18 14:00:00,2524.7148,2964.1704,439.45557,17.406147
5259,MLP,2013-12-19 17:10:00,2245.4712,2673.8186,428.3474,19.07606
5259,MLP,2013-12-19 12:20:00,2906.8586,3323.4695,416.61084,14.331995
5259,LSTM,2013-12-19 17:10:00,2245.4712,2661.2322,415.761,18.515535
5059,CNN,2013-12-18 15:30:00,2889.628,2476.6807,412.94727,14.290672
5259,CNN,2013-12-19 12:20:00,2906.8586,3318.8552,411.99658,14.173259
5059,MLP,2013-12-17 15:10:00,3124.105,2712.7026,411.40234,13.168647
5059,CNN,2013-12-18 14:00:00,2524.7148,2935.9395,411.2246,16.287964
5059,LSTM,2013-12-18 15:30:00,2889.628,2479.2913,410.33667,14.200328
5259,MLP,2013-12-20 14:40:00,3127.0876,2718.722,408.36572,13.05898
5059,MLP,2013-12-17 14:00:00,2396.328,2796.4114,400.0835,16.695692
5259,MLP,2013-12-19 16:00:00,3048.158,2652.2231,395.9348,12.989314
5059,CNN,2013-12-22 18:10:00,1255.7268,1651.4042,395.67737,31.509829
5259,LSTM,2013-12-19 12:20:00,2906.8586,3302.3796,395.521,13.606475
5259,CNN,2013-12-18 11:00:00,2981.039,3373.6255,392.58643,13.16945
5259,LSTM,2013-12-19 17:00:00,2529.0251,2919.8594,390.83423,15.453948
5259,MLP,2013-12-20 17:20:00,1719.5378,2106.9766,387.43872,22.53156
5259,CNN,2013-12-18 10:10:00,3279.4287,2894.0718,385.35693,11.750734
5259,CNN,2013-12-19 16:00:00,3048.158,2666.6052,381.55273,12.517485
5059,CNN,2013-12-17 14:00:00,2396.328,2775.984,379.656,15.843241
5059,CNN,2013-12-21 17:00:00,2288.752,2667.334,378.58203,16.540981
5059,LSTM,2013-12-17 14:30:00,2892.69,2514.942,377.74805,13.058712
5059,CNN,2013-12-17 13:30:00,2544.7542,2918.1855,373.4314,14.674557
5259,MLP,2013-12-18 10:10:00,3279.4287,2906.2485,373.18018,11.379427
5059,LSTM,2013-12-18 14:00:00,2524.7148,2892.815,368.1001,14.579868
5259,CNN,2013-12-17 15:10:00,3764.5303,3396.9297,367.6006,9.764847
5059,LSTM,2013-12-22 15:20:00,2651.8508,2284.6418,367.20898,13.847272
5059,MLP,2013-12-17 15:40:00,3181.4688,2816.6333,364.83545,11.467516
5259,LSTM,2013-12-19 11:40:00,3468.6465,3106.2288,362.41772,10.44839
5259,MLP,2013-12-18 11:00:00,2981.039,3343.2202,362.18115,12.149493
5259,LSTM,2013-12-18 10:10:00,3279.4287,2923.475,355.9536,10.854135
5059,MLP,2013-12-18 15:30:00,2889.628,2533.8062,355.82178,12.313758
5059,CNN,2013-12-22 15:20:00,2651.8508,2297.0571,354.7937,13.379097
5059,MLP,2013-12-17 13:30:00,2544.7542,2898.9487,354.19458,13.918617
5059,MLP,2013-12-21 17:00:00,2288.752,2642.2498,353.4978,15.445003
5059,CNN,2013-12-22 16:40:00,2008.1633,2360.4907,352.3274,17.544758
5059,MLP,2013-12-21 13:40:00,2213.5137,2563.1072,349.5935,15.793601
5259,LSTM,2013-12-17 07:40:00,1657.8983,1309.5779,348.32043,21.009758
5259,CNN,2013-12-20 14:40:00,3127.0876,2779.115,347.97266,11.127691
5259,LSTM,2013-12-16 17:20:00,2317.7249,2660.7925,343.06763,14.801913
5259,LSTM,2013-12-20 14:40:00,3127.0876,2784.978,342.10962,10.940199
5059,LSTM,2013-12-21 17:00:00,2288.752,2630.8389,342.0869,14.946439
5059,MLP,2013-12-22 16:40:00,2008.1633,2348.0415,339.87817,16.924828
5259,CNN,2013-12-22 00:30:00,957.0945,1295.6545,338.56006,35.373734
5259,MLP,2013-12-17 17:20:00,2516.4592,2854.7913,338.33203,13.444765
5259,MLP,2013-12-17 15:10:00,3764.5303,3427.8013,336.729,8.944781
5259,LSTM,2013-12-20 17:20:00,1719.5378,2052.8079,333.27002,19.38137
5259,LSTM,2013-12-17 15:10:00,3764.5303,3433.21,331.3203,8.801106
5259,CNN,2013-12-22 00:40:00,955.59314,1284.1125,328.5194,34.378586
5059,LSTM,2013-12-17 13:30:00,2544.7542,2870.8398,326.0857,12.814034
5059,LSTM,2013-12-17 14:00:00,2396.328,2719.3193,322.99146,13.4786
5259,CNN,2013-12-20 17:20:00,1719.5378,2040.3428,320.80493,18.656462
5259,MLP,2013-12-16 17:20:00,2317.7249,2638.2312,320.50635,13.828489
5059,LSTM,2013-12-22 16:40:00,2008.1633,2324.8784,316.7151,15.771381
